Workbook
Name _Toc301930468: 'Test Design'!#REF!
Name _Toc301930478: 'Test Design'!#REF!
Name ACTION: #REF!
Name LOCAL_DATE_SEPARATOR: #REF!
Name LOCAL_DAY_FORMAT: #REF!
Name LOCAL_HOUR_FORMAT: #REF!
Name LOCAL_MINUTE_FORMAT: #REF!
Name LOCAL_MONTH_FORMAT: #REF!
Name LOCAL_SECOND_FORMAT: #REF!
Name LOCAL_TIME_SEPARATOR: #REF!
Name LOCAL_YEAR_FORMAT: #REF!

Sheet Cover
B2: TEST CASE
B4: Project Name | C4: group02-mahocommerce-testing | F4: Creator | G4: Vo Van Thiet
B5: Project Code | C5: group02-mahocommerce-testing | F5: Reviewer/Approver | G5: Nguyen Hoai Thuong
B6: Document Code | C6: =C5&"_TestCase_V0.1" -> group02-mahocommerce-testing_TestCase_V0.1 | F6: Issue Date | G6: 46316
F7: Version | G7: 0.1
B10: Record of change
B11: Effective Date | C11: Version | D11: Change Item | E11: *A,D,M | F11: Change description | G11: Reference
B12: 46316 | C12: 0.1 | E12: A | F12: Create sample file of Test Case | G12: AB-SD_Software Requirements Specification

Sheet Test case List
D1: TEST CASE LIST
B3: Project Name | D3: =Cover!C4 -> group02-mahocommerce-testing
B4: Project Code | D4: =Cover!C5 -> group02-mahocommerce-testing
B5: Test Environment Setup Description | D5: 1. Chrome
B8: No | C8: Function Name | D8: Sheet Name | E8: Description | F8: Pre-Condition
B9: 1 | C9: Customer Registration | D9: Registration
C10: <Add more function names here>

Sheet Test Design
A1: Requirement Level 1 | B1: Requirement Level 2 | C1: Requirement Level 3 | D1: Test Criteria | E1: Test Type | F1: Note
A2: 1 Authentication | B2: 1.1 Customer Registration | C2: Success | D2: Check registration with all valid mandatory fields | E2: Function
D3: Check registration with all valid mandatory and optional fields | E3: Function
D4: Check registration with complex valid password (uppercase, lowercase, number, special char) | E4: Function
D5: Check email case insensitivity handling during successful registration | E5: Function | F5: e.g. User@Example.com
D6: Check newsletter subscription default state and opt-in/opt-out behavior | E6: Function
D7: Check successful redirect and auto-login/welcome screen after registration | E7: Function
D8: Check welcome email notification trigger after successful registration | E8: Function
C9: Not success - Validation | D9: Check submit registration with completely empty form | E9: Function
D10: Check registration with blank Email field | E10: Function
D11: Check registration with invalid email format (missing '@') | E11: Function | F11: e.g. johndoegmail.com
D12: Check registration with invalid email format (missing domain) | E12: Function | F12: e.g. johndoe@
D13: Check registration with already registered email (Duplicate email) | E13: Function | F13: email of existing user
D14: Check registration with blank Password field | E14: Function
D15: Check registration with password shorter than minimum length | E15: Function | F15: < 8 characters
D16: Check registration with password missing uppercase letter | E16: Function
D17: Check registration with password missing lowercase letter | E17: Function
D18: Check registration with password missing numeric digit | E18: Function
D19: Check registration with password missing special character | E19: Function
D20: Check registration with blank Confirm Password field | E20: Function
D21: Check registration when Password and Confirm Password do not match | E21: Function
D22: Check registration with blank First Name field | E22: Function
D23: Check registration with blank Last Name field | E23: Function
D24: Check registration without accepting Terms and Conditions checkbox | E24: Function
D25: Check registration with invalid phone number format | E25: Function | F25: if phone field exists
C26: Security & Edge Cases | D26: Check SQL injection payload in Name and Email fields | E26: Function | F26: e.g. ' OR '1'='1
D27: Check XSS script payload in input fields | E27: Function | F27: e.g. <script>alert(1)</script>
D28: Check behavior on rapid multiple clicks of [Register] button | E28: Function | F28: Prevent double submission
C29: GUI & Usability | D29: Check layout and default state of Registration screen | E29: GUI
D30: Check password visibility toggle icon (Show/Hide password) | E30: GUI
D31: Check Tab index navigation order across form fields | E31: GUI | F31: Keyboard accessibility
D32: Check form submission via 'Enter' key on last input field | E32: Function | F32: Usability

Sheet Registration
A2: Module Code | B2: CustRegistration | J2: Passed
A3: Test requirement | B3: Customer Registration | J3: Failed
A4: Tester | B4: Vo Van Thiet | J4: Blocked
A5: Passed | B5: Failed | C5: Untested | D5: Blocked | E5: Skipped | F5: Number of Test cases | J5: Untested
A6: =COUNTIF(F9:F1017,"Passed") -> 0 | B6: =COUNTIF(F9:F1017,"Failed") -> 0 | C6: =F6-E6-D6-B6-A6 -> 30 | D6: =COUNTIF(F$9:F$1017,"Blocked") -> 0 | E6: =COUNTIF(F$9:F$1017,"Skipped") -> 0 | F6: =COUNTA(A9:A1017) -> 30 | J6: Skipped
A8: ID | B8: Test Case Description | C8: Test Case Procedure | D8: Expected Output | E8: Inter-test case Dependence | F8: Result | G8: Test date | H8: Note
A9: =IF(OR(B9<>"",D9<>""),"["&TEXT($B$2,"##")&"-"&TEXT(ROW()-8,"##")&"]","") -> [CustRegistration-1] | B9: Check registration with all valid mandatory fields | C9: Pre-condition: - DB is clean or test email does not exist. Step: 1. Navigate to Registration page. 2. Input valid First Name, Last Name, Email, Password, and Confirm Password. 3. Check Terms & Conditions checkbox. 4. Click [Register] button. | D9: 1. Account is created successfully. 2. Redirected to Account Dashboard or Login page. 3. Success message is displayed. | E9: None | F9: Untested
A10: =IF(OR(B10<>"",D10<>""),"["&TEXT($B$2,"##")&"-"&TEXT(ROW()-8,"##")&"]","") -> [CustRegistration-2] | B10: Check registration with all mandatory and optional fields | C10: Pre-condition: - Test email does not exist. Step: 1. Navigate to Registration page. 2. Input valid data for all mandatory fields. 3. Input optional fields (Phone number, Address, Newsletter opt-in). 4. Check Terms & Conditions. 5. Click [Register]. | D10: 1. Account is created successfully with optional data saved in DB. 2. Success message is displayed. | E10: None | F10: Untested
A11: =IF(OR(B11<>"",D11<>""),"["&TEXT($B$2,"##")&"-"&TEXT(ROW()-8,"##")&"]","") -> [CustRegistration-3] | B11: Check password visibility toggle icon | C11: Pre-condition: - On Registration page. Step: 1. Input text into Password field. 2. Click the 'Show/Eye' icon next to Password. | D11: Password characters become visible in plain text. Clicking again masks them. | E11: None | F11: Untested
A12: =IF(OR(B12<>"",D12<>""),"["&TEXT($B$2,"##")&"-"&TEXT(ROW()-8,"##")&"]","") -> [CustRegistration-4] | B12: Check email case insensitivity handling | C12: Pre-condition: - Registered email User@Example.com exists. Step: 1. Register a new account using user@example.com. 2. Click [Register]. | D12: System displays an error indicating that the email address is already registered. | E12: None | F12: Untested
A13: =IF(OR(B13<>"",D13<>""),"["&TEXT($B$2,"##")&"-"&TEXT(ROW()-8,"##")&"]","") -> [CustRegistration-5] | B13: Check registration with complex valid password | C13: Pre-condition: - On Registration page. Step: 1. Input email and valid password containing uppercase, lowercase, numbers, and special characters (e.g., Test@12345). 2. Confirm password and click [Register]. | D13: Registration succeeds without password complexity error. | E13: None | F13: Untested
A14: =IF(OR(B14<>"",D14<>""),"["&TEXT($B$2,"##")&"-"&TEXT(ROW()-8,"##")&"]","") -> [CustRegistration-6] | B14: Check successful redirect after registration | C14: Pre-condition: - Valid registration details prepared. Step: 1. Complete registration successfully. | D14: User is automatically logged in or redirected to the welcome/login page seamlessly. | E14: [CustReg-1] | F14: Untested
A15: =IF(OR(B15<>"",D15<>""),"["&TEXT($B$2,"##")&"-"&TEXT(ROW()-8,"##")&"]","") -> [CustRegistration-7] | B15: Check welcome email notification trigger | C15: Pre-condition: - Email server / mock server is active. Step: 1. Complete registration with a valid active email. 2. Check user's inbox. | D15: A welcome email containing account details or confirmation link is received. | E15: [CustReg-1] | F15: Untested
A16: =IF(OR(B16<>"",D16<>""),"["&TEXT($B$2,"##")&"-"&TEXT(ROW()-8,"##")&"]","") -> [CustRegistration-8] | B16: Check newsletter subscription default state and toggle | C16: Pre-condition: - On Registration page. Step: 1. Inspect newsletter checkbox default state. 2. Toggle it and complete registration. | D16: 1. Default state is unchecked (or as per business rule). 2. Newsletter preference is correctly saved in DB. | E16: None | F16: Untested | H16: <DefectID-1>
A17: =IF(OR(B17<>"",D17<>""),"["&TEXT($B$2,"##")&"-"&TEXT(ROW()-8,"##")&"]","") -> [CustRegistration-9] | B17: Check tab index navigation across form fields | C17: Pre-condition: - On Registration page. Step: 1. Focus on First Name field. 2. Press 'Tab' key consecutively through all input fields and buttons. | D17: Focus moves logically from field to field in correct order. | E17: None | F17: Untested | H17: <DefectID-2>
A18: =IF(OR(B18<>"",D18<>""),"["&TEXT($B$2,"##")&"-"&TEXT(ROW()-8,"##")&"]","") -> [CustRegistration-10] | B18: Check form submission via 'Enter' key | C18: Pre-condition: - All mandatory fields filled correctly. Step: 1. Focus on Confirm Password field. 2. Press 'Enter' key on keyboard. | D18: Form is submitted and account registration process is triggered. | E18: [CustReg-1] | F18: Untested
A19: =IF(OR(B19<>"",D19<>""),"["&TEXT($B$2,"##")&"-"&TEXT(ROW()-8,"##")&"]","") -> [CustRegistration-11] | B19: Check submit with completely empty form | C19: Pre-condition: - On Registration page with blank fields. Step: 1. Click [Register] button directly. | D19: Validation error messages appear for all mandatory fields (First Name, Last Name, Email, Password, Terms). | E19: None | F19: Untested
A20: =IF(OR(B20<>"",D20<>""),"["&TEXT($B$2,"##")&"-"&TEXT(ROW()-8,"##")&"]","") -> [CustRegistration-12] | B20: Check registration with blank Email field | C20: Pre-condition: - On Registration page. Step: 1. Fill all mandatory fields except Email. 2. Click [Register]. | D20: Inline validation error message: "Email is required" or similar. Account is not created. | E20: None | F20: Untested
A21: =IF(OR(B21<>"",D21<>""),"["&TEXT($B$2,"##")&"-"&TEXT(ROW()-8,"##")&"]","") -> [CustRegistration-13] | B21: Check registration with invalid email format (missing '@') | C21: Pre-condition: - On Registration page. Step: 1. Input email as johndoegmail.com. 2. Fill other mandatory fields and click [Register]. | D21: Validation error message: "Please enter a valid email address." | E21: None | F21: Untested
A22: =IF(OR(B22<>"",D22<>""),"["&TEXT($B$2,"##")&"-"&TEXT(ROW()-8,"##")&"]","") -> [CustRegistration-14] | B22: Check registration with invalid email format (missing domain) | C22: Pre-condition: - On Registration page. Step: 1. Input email as johndoe@. 3. Click [Register]. | D22: Validation error message: "Please enter a valid email address." | E22: None | F22: Untested
A23: =IF(OR(B23<>"",D23<>""),"["&TEXT($B$2,"##")&"-"&TEXT(ROW()-8,"##")&"]","") -> [CustRegistration-15] | B23: Check registration with already registered email (Duplicate) | C23: Pre-condition: - Email existing@mahocommerce.com exists in DB. Step: 1. Input existing@mahocommerce.com in Email field. 2. Fill other fields and click [Register]. | D23: Error message: "This email is already registered." Account creation fails. | E23: None | F23: Untested
A24: =IF(OR(B24<>"",D24<>""),"["&TEXT($B$2,"##")&"-"&TEXT(ROW()-8,"##")&"]","") -> [CustRegistration-16] | B24: Check registration with blank Password field | C24: Pre-condition: - On Registration page. Step: 1. Fill all mandatory fields except Password. 2. Click [Register]. | D24: Validation error message: "Password is required." Account is not created. | E24: None | F24: Untested
A25: =IF(OR(B25<>"",D25<>""),"["&TEXT($B$2,"##")&"-"&TEXT(ROW()-8,"##")&"]","") -> [CustRegistration-17] | B25: Check registration with password shorter than minimum length | C25: Pre-condition: - Minimum password length rule is 8 characters. Step: 1. Input password with 6 characters (e.g., Ab1!). 2. Complete other fields and click [Register]. | D25: Validation error message: "Password must be at least 8 characters long." | E25: None | F25: Untested
A26: =IF(OR(B26<>"",D26<>""),"["&TEXT($B$2,"##")&"-"&TEXT(ROW()-8,"##")&"]","") -> [CustRegistration-18] | B26: Check registration with password missing uppercase letter | C26: Pre-condition: - Password policy requires uppercase. Step: 1. Input password with lowercase, numbers, special chars only (e.g., password123!). 2. Click [Register]. | D26: Validation error message indicating uppercase letter is required. | E26: None | F26: Untested
A27: =IF(OR(B27<>"",D27<>""),"["&TEXT($B$2,"##")&"-"&TEXT(ROW()-8,"##")&"]","") -> [CustRegistration-19] | B27: Check registration with password missing lowercase letter | C27: Pre-condition: - Password policy requires lowercase. Step: 1. Input password with uppercase, numbers, special chars only (e.g., PASSWORD123!). 2. Click [Register]. | D27: Validation error message indicating lowercase letter is required. | E27: None | F27: Untested
A28: =IF(OR(B28<>"",D28<>""),"["&TEXT($B$2,"##")&"-"&TEXT(ROW()-8,"##")&"]","") -> [CustRegistration-20] | B28: Check registration with password missing numeric digit | C28: Pre-condition: - Password policy requires number. Step: 1. Input password without numbers (e.g., Password!). 2. Click [Register]. | D28: Validation error message indicating numeric digit is required. | E28: None | F28: Untested
A29: =IF(OR(B29<>"",D29<>""),"["&TEXT($B$2,"##")&"-"&TEXT(ROW()-8,"##")&"]","") -> [CustRegistration-21] | B29: Check registration with password missing special character | C29: Pre-condition: - Password policy requires special character. Step: 1. Input password without special characters (e.g., Password123). 2. Click [Register]. | D29: Validation error message indicating special character is required. | E29: None | F29: Untested
... A38: =IF(OR(B38<>"",D38<>""),"["&TEXT($B$2,"##")&"-"&TEXT(ROW()-8,"##")&"]","") -> [CustRegistration-30] | B38: Check behavior on rapid multiple clicks of [Register] button | C38: Pre-condition: - Valid registration form filled. Step: 1. Double-click or rapidly click the [Register] button multiple times simultaneously. | D38: System prevents duplicate account creation; only one account is created and registered successfully. | E38: [CustReg-1] | F38: Untested

Sheet Test Report
B1: TEST REPORT
B3: Project Name | C3: =Cover!C4 -> group02-mahocommerce-testing | E3: Creator | G3: Vo Van Thiet
B4: Project Code | C4: =Cover!C5 -> group02-mahocommerce-testing | E4: Reviewer/Approver | G4: Nguyen Hoai Thuong
B5: Document Code | C5: =C4&"_"&"Test Report"&"_"&"v0.1" -> group02-mahocommerce-testing_Test Report_v0.1 | E5: Issue Date | G5: 46316
B6: Notes | C6: <List modules included in this release> ex: Release 1 includes 2 modules: Module1 and Module2
B10: No | C10: Module code | D10: Pass | E10: Fail | F10: Untested | G10: Blocked | H10: Skipped | I10: Number of test cases
B11: 1 | C11: {='Test Report'!B2:H2} -> #VALUE! | D11: =#REF! -> #REF! | E11: =#REF! -> #REF! | F11: =#REF! -> #REF! | G11: =#REF! -> #REF! | H11: =#REF! -> #REF! | I11: =#REF! -> #REF!
B12: 2 | C12: =#REF! -> #REF! | D12: =#REF! -> #REF! | E12: =#REF! -> #REF! | F12: =#REF! -> #REF! | G12: =#REF! -> #REF! | H12: =#REF! -> #REF! | I12: =#REF! -> #REF!
B13: 3 | C13: =#REF! -> #REF! | D13: =#REF! -> #REF! | E13: =#REF! -> #REF! | F13: =#REF! -> #REF! | G13: =#REF! -> #REF! | H13: =#REF! -> #REF! | I13: =#REF! -> #REF!
C15: Sub total | D15: =SUM(D9:D14) -> #REF! | E15: =SUM(E9:E14) -> #REF! | F15: =SUM(F9:F14) -> #REF! | G15: =SUM(G9:G14) -> #REF! | H15: =SUM(H9:H14) -> #REF! | I15: =SUM(I9:I14) -> #REF!
C17: Test coverage | E17: =(D15+E15)*100/(I15-H15-G15) -> #REF! | F17: %
C18: Test successful coverage | E18: =D15*100/(D15+E15) -> #REF! | F18: %
